{"1": {"studi": 0.16208054461286656, "pembangunan": 1.0071785846271233}}